Reference,Assay,GVK_ID,REFERENCE,Sequence ID,Sequence,REGION_NOTES,MOD_RES_POSITIONS,MOD_RES_NOTES,Length,Nav1.7 IC50 (nM),Nav1.2 IC50 (nM)
WO2012004664,FLIPR Tetra,120927367,WO 2012/004664 A2,Seq.id_2,YCQKWMWTCDSERKCCEGMVCRLWCKKKLW,['C-term Amide'],,,30,1,8
WO2012004664,FLIPR Tetra,120927368,WO 2012/004664 A2,Seq.id_3;Seq.id_25,YCQKWMWTCDSARKCCEGMVCRLWCKKKLW,,,,30,0.2,8
WO2012004664,FLIPR Tetra,120927369,WO 2012/004664 A2,Seq.id_4,YCQKWMWTCDSERKCCEGLVCRLWCKKKLW,,,,30,1.7,44.7
WO2012004664,FLIPR Tetra,120927370,WO 2012/004664 A2,Seq.id_5,YCQKWMWTCDSERKCCEGMVCRLWCKKII,,,,29,552,919
WO2012004664,FLIPR Tetra,120927371,WO 2012/004664 A2,Seq.id_6,YCQKWMWTCDSARKCCEGLVCRLWCKKKLW,,,,30,1,24
WO2012004664,FLIPR Tetra,120927372,WO 2012/004664 A2,Seq.id_7,YCQKWMWTCDSARKCCEGLVCRLWCKKKLW,,[29],['aml'],30,8,28
WO2012004664,FLIPR Tetra,120927373,WO 2012/004664 A2,Seq.id_8,YCQKWMWTCDSARKCCEGLVCRLWCKKKLW,,[29],['nml'],30,18,51
WO2012004664,FLIPR Tetra,120927374,WO 2012/004664 A2,Seq.id_9,YCQKWMWTCDSARKCCEGLVCRLWCKKKILW,,,,31,1,33
WO2012004664,FLIPR Tetra,120927375,WO 2012/004664 A2,Seq.id_10,YCQKWMWTCDSARKCCEGLVCRLWCKKKLI,,,,30,4,98
WO2012004664,FLIPR Tetra,120927376,WO 2012/004664 A2,Seq.id_11,YCQKWMWTCDSARKCCEGLVCRLWCKKKLI,,[29],['aml'],30,10,342
WO2012004664,FLIPR Tetra,120927377,WO 2012/004664 A2,Seq.id_12,YCQKWMWTCDSARKCCEGLVCRLWCKKKLI,,[29],['nml'],30,528,138
WO2012004664,FLIPR Tetra,120927392,WO 2012/004664 A2,Seq.id_13,YCQKWMWTCDSARKCCEGLVCRLWCKKILW,,,,30,3,50
WO2012004664,FLIPR Tetra,120927393,WO 2012/004664 A2,Seq.id_14,YCQKWMWTCDSARKCCEGLVCRLWCKKIIW,,,,30,5,45
WO2012004664,FLIPR Tetra,120927394,WO 2012/004664 A2,Seq.id_15,YCQKWMWTCDSARKCCEGLVCRLWCKKLW,,,,29,67,63
WO2012004664,FLIPR Tetra,120927416,WO 2012/004664 A2,Seq.id_16;ProTx II,YCQKWMWTCDSERKCCEGMVCRLWCKKKLW,,,,30,1,105
WO2012004664,FLIPR Tetra,120927417,WO 2012/004664 A2,Seq.id_17;PaTx I,YCQKWMWTCDSARKCCEGLVCRLWCKKII,,,,29,423,5000
WO2012004664,FLIPR Tetra,120927418,WO 2012/004664 A2,Seq.id_18;JzTx XII,YCQKWMWTCDSERKCCEGYVCELWCKYNL,,,,29,1527,73939
WO2012004664,FLIPR Tetra,120927419,WO 2012/004664 A2,Seq.id_19;GsAF I,YCQKWLWTCDSERKCCEDMVCRLWCKKRL,,,,29,249,255
WO2012004664,FLIPR Tetra,120927420,WO 2012/004664 A2,Seq.id_20;JzTx V,YCQKWMWTCDSKRACCEGLRCKLWCRKII,,,,29,14,157
WO2012004664,FLIPR Tetra,120927421,WO 2012/004664 A2,Seq.id_21;VsTx II,YCQKWMWTCDEERKCCEGLVCRLWCKKKIEEG,,,,32,9261,42409
WO2012004664,FLIPR Tetra,120927422,WO 2012/004664 A2,Seq.id_22;GsAF II,YCQKWMWTCDEERKCCEGLVCRLWCKKKIEW,,,,31,70,410
WO2012004664,FLIPR Tetra,120927423,WO 2012/004664 A2,Seq.id_23;GrTx I,YCQKWMWTCDSKRKCCEDMVCQLWCKKRL,,,,29,1007,2690
WO2012004664,FLIPR Tetra,120927424,WO 2012/004664 A2,Seq.id_24;GsMTx II/PaTX II,YCQKWMWTCDEERKCCEGLVCRLWCKRIINM,,,,31,260,2699